scope,model,n_good,n_defect,Accuracy,Precision,Recall,FPR,F1,TP,FN,FP,TN,ImageAUROC
전체 (양품 vs 불량),MMR,249,580,0.7864897466827503,0.7890961262553802,0.9482758620689655,0.5903614457831325,0.8613938919342208,550,30,147,102,0.834115773438582
전체 (양품 vs 불량),MMR+Qwen,249,580,0.8407720144752714,0.826530612244898,0.9775862068965517,0.4779116465863454,0.895734597156398,567,13,119,130,nan
타입: ablation,MMR,249,90,0.5398230088495575,0.35526315789473684,0.9,0.5903614457831325,0.5094339622641509,81,9,147,102,0.7308344489067379
타입: ablation,MMR+Qwen,249,90,0.8112094395280236,0.6444444444444445,0.6444444444444445,0.1285140562248996,0.6444444444444445,58,32,32,217,nan
타입: breakdown,MMR,249,167,0.6466346153846154,0.5318471337579618,1.0,0.5903614457831325,0.6943866943866944,167,0,147,102,0.9850900608421711
타입: breakdown,MMR+Qwen,249,167,0.8894230769230769,0.935251798561151,0.7784431137724551,0.03614457831325301,0.849673202614379,130,37,9,240,nan
타입: fracture,MMR,249,197,0.6345291479820628,0.551829268292683,0.9187817258883249,0.5903614457831325,0.6895238095238094,181,16,147,102,0.7732044930993008
타입: fracture,MMR+Qwen,249,197,0.7645739910313901,0.7371134020618557,0.7258883248730964,0.20481927710843373,0.731457800511509,143,54,51,198,nan
타입: groove,MMR,249,126,0.5946666666666667,0.45149253731343286,0.9603174603174603,0.5903614457831325,0.6142131979695431,121,5,147,102,0.8030216102505259
타입: groove,MMR+Qwen,249,126,0.6186666666666667,0.2702702702702703,0.07936507936507936,0.10843373493975904,0.12269938650306748,10,116,27,222,nan
